/*
 *  File Name: Database_Entries_Dec3.sql
 *  Assignment: ENSF 614 Project
 *  Completed by: Matjaz Cigler, Yaad Sra, Kate Reimann
 * Description: SQL script to populate the database.
 */
 
USE FlightReservations_db;

INSERT INTO USER (UserID, UserPassword, UserRole, LegalName, DOB, Email, PhoneNumber) 
VALUES
('passenger1', 'passenger1', 2, 'John Doe', '1985-07-12', 'john.doe@example.com', '403-555-0101'),
('agent1', 'agent1', 3, 'Jane Smith', '1990-03-05', 'jane.smith@example.com', '403-555-0202'),
('crew1', 'crew1', 4, 'Alex Johnson', '1978-11-22', 'alex.johnson@example.com', '403-555-0303'),
('admin1', 'admin1', 5, 'Emily Davis', '1995-05-15', 'emily.davis@example.com', '403-555-0404'),

('passenger2', 'passenger2', 2, 'Michael Brown', '1982-09-30', 'michael.brown@example.com', '403-555-0505'),
('agent2', 'agent2', 3, 'Sarah Wilson', '1989-02-17', 'sarah.wilson@example.com', '403-555-0606'),
('crew2', 'crew2', 4, 'David Miller', '1975-12-08', 'david.miller@example.com', '403-555-0707'),
('admin2', 'admin2', 5, 'Lisa Taylor', '1993-06-19', 'lisa.taylor@example.com', '403-555-0808'),

('passenger3', 'passenger3', 2, 'Kevin Anderson', '1987-04-03', 'kevin.anderson@example.com', '403-555-0909'),
('agent3', 'agent3', 3, 'Sophia Hernandez', '1991-01-27', 'sophia.hernandez@example.com', '403-555-1010'),
('crew3', 'crew3', 4, 'Olivia Martinez', '1976-08-10', 'olivia.martinez@example.com', '403-555-1111'),
('admin3', 'admin3', 5,'Ethan Jackson', '1983-12-20', 'ethan.jackson@example.com', '403-555-1212'),

('passenger4', 'passenger4', 2, 'Ava White', '1976-05-22', 'ava.white@example.com', '403-555-1313'),
('agent4', 'agent4', 3, 'Matthew Harris', '1978-07-11', 'matthew.harris@example.com', '403-555-1414'),
('crew4', 'crew4', 4, 'Emma Clark', '1988-03-14', 'emma.clark@example.com', '403-555-1515'),
('admin4', 'admin4', 5, 'Oliver Thompson', '1980-06-21', 'oliver.thompson@example.com', '403-555-1616'),

('passenger5', 'passenger5', 2, 'Ava White', '1976-05-22', 'ava.white@example.com', '403-555-1313'),
('agent5', 'agent5', 3, 'Matthew Harris', '1978-07-11', 'matthew.harris@example.com', '403-555-1414'),
('crew5', 'crew5', 4, 'Emma Clark', '1988-03-14', 'emma.clark@example.com', '403-555-1515'),
('admin5', 'admin5', 5, 'Oliver Thompson', '1980-06-21', 'oliver.thompson@example.com', '403-555-1616'),

('passenger6', 'passenger6', 2, 'Amelia Robinson', '1992-11-11', 'amelia.robinson@example.com', '403-555-1919'),
('passenger7', 'passenger7', 2, 'Mason Clark', '1985-08-09', 'mason.clark@example.com', '403-555-2020'),
('passenger8', 'passenger8', 2, 'Charlotte Garcia', '1994-10-12', 'charlotte.garcia@example.com', '403-555-1717'),
('passenger9', 'passenger9', 2, 'Lucas Martinez', '1979-02-28', 'lucas.martinez@example.com', '403-555-1818'),
('passenger10', 'passenger10', 2, 'James Johnson', '1994-06-08', 'passenger10@example.com', '403-555-6478'),
('passenger11', 'passenger11', 2, 'John Brown', '1974-06-22', 'passenger11@example.com', '403-555-4950'),
('passenger12', 'passenger12', 2, 'John Miller', '1986-02-10', 'passenger12@example.com', '403-555-5855'),
('passenger13', 'passenger13', 2, 'Robert Brown', '1968-01-17', 'passenger13@example.com', '403-555-7976'),
('passenger14', 'passenger14', 2, 'Patricia Miller', '1982-09-13', 'passenger14@example.com', '403-555-3855'),
('passenger15', 'passenger15', 2, 'Patricia Brown', '1973-06-01', 'passenger15@example.com', '403-555-1266'),
('passenger16', 'passenger16', 2, 'Mary Brown', '1960-06-11', 'passenger16@example.com', '403-555-1275'),
('passenger17', 'passenger17', 2, 'Jennifer Brown', '1972-03-13', 'passenger17@example.com', '403-555-6810'),
('passenger18', 'passenger18', 2, 'Robert Jones', '1961-10-28', 'passenger18@example.com', '403-555-9622'),
('passenger19', 'passenger19', 2, 'James Miller', '1973-10-12', 'passenger19@example.com', '403-555-8642'),
('passenger20', 'passenger20', 2, 'Robert Smith', '1991-11-21', 'passenger20@example.com', '403-555-8098');

INSERT INTO Passenger (LegalName, DOB, Email, InsurancePolicyNumber, PhoneNumber, IsRegistered, UserID) 
VALUES
('John Doe', '1985-07-12', 'john.doe@example.com', 12345678, '403-555-0101', TRUE, 'passenger1'),
('Michael Brown', '1982-09-30', 'michael.brown@example.com', 23456789, '403-555-0505', TRUE, 'passenger2'),
('Kevin Anderson', '1987-04-03', 'kevin.anderson@example.com', NULL, '403-555-0909', TRUE, 'passenger3'),
('Ava White', '1976-05-22', 'ava.white@example.com', 45678901, '403-555-1313', TRUE, 'passenger4'),
('Amelia Robinson', '1992-11-11', 'amelia.robinson@example.com', 56789012, '403-555-1919', TRUE, 'passenger6'),
('Mason Clark', '1985-08-09', 'mason.clark@example.com', 67890123, '403-555-2020', TRUE, 'passenger7'),
('Charlotte Garcia', '1994-10-12', 'charlotte.garcia@example.com', NULL, '403-555-1717', TRUE, 'passenger8'),
('Lucas Martinez', '1979-02-28', 'lucas.martinez@example.com', 89012345, '403-555-1818', TRUE, 'passenger9'),
('James Johnson', '1994-06-08', 'passenger10@example.com', 90123456, '403-555-6478', TRUE, 'passenger10'),
('John Brown', '1974-06-22', 'passenger11@example.com', 12345670, '403-555-4950', TRUE, 'passenger11'),
('John Miller', '1986-02-10', 'passenger12@example.com', NULL, '403-555-5855', TRUE, 'passenger12'),
('Robert Brown', '1968-01-17', 'passenger13@example.com', 34567890, '403-555-7976', TRUE, 'passenger13'),
('Patricia Miller', '1982-09-13', 'passenger14@example.com', 45678900, '403-555-3855', TRUE, 'passenger14'),
('Patricia Brown', '1973-06-01', 'passenger15@example.com', 56789010, '403-555-1266', TRUE, 'passenger15'),
('Mary Brown', '1960-06-11', 'passenger16@example.com', 67890120, '403-555-1275', TRUE, 'passenger16'),
('Jennifer Brown', '1972-03-13', 'passenger17@example.com', 78901230, '403-555-6810', TRUE, 'passenger17'),
('Robert Jones', '1961-10-28', 'passenger18@example.com', NULL, '403-555-9622', TRUE, 'passenger18'),
('James Miller', '1973-10-12', 'passenger19@example.com', 90123450, '403-555-8642', TRUE, 'passenger19'),
('Robert Smith', '1991-11-21', 'passenger20@example.com', 12345671, '403-555-8098', TRUE, 'passenger20'),

('Emma Taylor', '1993-07-15', 'emma.taylor@example.net', 91234567, '403-555-2222', FALSE, NULL),
('Noah Wilson', '1988-03-22', 'noah.wilson@example.net', 82345678, '403-555-3333', FALSE, NULL),
('Olivia Lee', '1991-11-30', 'olivia.lee@example.net', NULL, '403-555-4444', FALSE, NULL),
('Liam Harris', '1985-01-19', 'liam.harris@example.net', 64567890, '403-555-5555', FALSE, NULL),
('Sophia Martin', '1996-05-28', 'sophia.martin@example.net', 55678901, '403-555-6666', FALSE, NULL),
('Jacob Davis', '1980-09-14', 'jacob.davis@example.net', NULL, '403-555-7777', FALSE, NULL),
('Mia Thompson', '1994-04-07', 'mia.thompson@example.net', 37890123, '403-555-8888', FALSE, NULL),
('Ethan Garcia', '1979-12-20', 'ethan.garcia@example.net', NULL, '403-555-9999', FALSE, NULL),
('Isabella Rodriguez', '1987-08-10', 'isabella.rodriguez@example.net', 19012345, '403-555-1212', FALSE, NULL),
('William Martinez', '1973-06-03', 'william.martinez@example.net', 11234567, '403-555-2323', FALSE, NULL),
('Ava Anderson', '1992-10-15', 'ava.anderson@example.net', NULL, '403-555-3434', FALSE, NULL),
('Matthew Hernandez', '1976-02-26', 'matthew.hernandez@example.net', NULL, '403-555-4545', FALSE, NULL),
('Sophie Moore', '1989-03-18', 'sophie.moore@example.net', 44567890, '403-555-5656', FALSE, NULL),
('Jack Clark', '1990-07-22', 'jack.clark@example.net', NULL, '403-555-6767', FALSE, NULL),
('Lily Walker', '1995-08-09', 'lily.walker@example.net', 66789012, '403-555-7878', FALSE, NULL),
('Ryan Hall', '1984-04-17', 'ryan.hall@example.net', 77890123, '403-555-8989', FALSE, NULL),
('Chloe Young', '1997-12-30', 'chloe.young@example.net', NULL, '403-555-9090', FALSE, NULL),
('Benjamin Allen', '1972-11-05', 'benjamin.allen@example.net', 99012345, '403-555-0102', TRUE, NULL),
('Zoe Wright', '1993-05-20', 'zoe.wright@example.net', 10123456, '403-555-0203', FALSE, NULL),
('Adam Scott', '1986-01-14', 'adam.scott@example.net', NULL, '403-555-0304', FALSE, NULL);

INSERT INTO Airline (AirlineID, AirlineName, ContactEmail, ContactPhone) 
VALUES
('AC', 'Airline 614', 'contact@airline614.com', '123-456-7890'),
('GA', 'Global Air', 'contact@globalair.com', '123-456-7890'),
('SW', 'Skyways', 'info@skyways.com', '123-456-7891');


INSERT INTO AirCraft (AirCraftID, AirCraftType, AirlineID) VALUES
(101, 'Boeing 737', 'AC'),
(102, 'Airbus A320', 'AC'),
(103, 'Boeing 747', 'AC'),
(104, 'Airbus A380', 'AC'),
(105, 'Boeing 777', 'AC');


INSERT INTO Flight (AirlineID, DepTime, DepDate, Origin, Destination, AirCraftID, BasePrice, Status) 
VALUES
('AC', '08:00:00', '2023-01-15', 'Calgary', 'Edmonton', 101, 299.99, 'On Schedule'),
('AC', '08:13:00', '2023-01-15', 'Calgary', 'Edmonton', 102, 299.99, 'On Schedule'),
('AC', '09:30:00', '2023-01-16', 'Calgary', 'Kelowna', 102, 349.99, 'Delayed'),
('AC', '17:45:00', '2023-01-17', 'Los Angeles', 'Toronto', 101, 899.99, 'On Schedule'),
('AC', '22:00:00', '2023-01-18', 'New York', 'Paris', 104, 1199.99, 'Cancelled'),
('AC', '06:15:00', '2023-01-19', 'Boston', 'Tokyo', 101, 1299.99, 'On Schedule');


INSERT INTO Seat (SeatN, rowN, colN, AirCraftID, TypeDescription, PriceMultiplier) 
VALUES
# 101, Boeing 737
('1A', 1, 1, 101, 'Business-Class Window', 2.00),
('1B', 1, 2, 101, 'Business-Class Middle', 2.00),
('1C', 1, 3, 101, 'Business-Class Aisle', 2.00),
('1D', 1, 4, 101, 'Business-Class Aisle', 2.00),
('1E', 1, 5, 101, 'Business-Class Middle', 2.00),
('1F', 1, 6, 101, 'Business-Class Window', 2.00),
('2A', 2, 1, 101, 'Business-Class Window', 2.00),
('2B', 2, 2, 101, 'Business-Class Middle', 2.00),
('2C', 2, 3, 101, 'Business-Class Aisle', 2.00),
('2D', 2, 4, 101, 'Business-Class Aisle', 2.00),
('2E', 2, 5, 101, 'Business-Class Middle', 2.00),
('2F', 2, 6, 101, 'Business-Class Window', 2.00),
('3A', 3, 1, 101, 'Business-Class Window', 2.00),
('3B', 3, 2, 101, 'Business-Class Middle', 2.00),
('3C', 3, 3, 101, 'Business-Class Aisle', 2.00),
('3D', 3, 4, 101, 'Business-Class Aisle', 2.00),
('3E', 3, 5, 101, 'Business-Class Middle', 2.00),
('3F', 3, 6, 101, 'Business-Class Window', 2.00),

('4A', 4, 1, 101, 'Comfort Window', 1.40),
('4B', 4, 2, 101, 'Comfort Middle', 1.40),
('4C', 4, 3, 101, 'Comfort Aisle', 1.40),
('4D', 4, 4, 101, 'Comfort Aisle', 1.40),
('4E', 4, 5, 101, 'Comfort Middle', 1.40),
('4F', 4, 6, 101, 'Comfort Window', 1.40),
('5A', 5, 1, 101, 'Comfort Window', 1.40),
('5B', 5, 2, 101, 'Comfort Middle', 1.40),
('5C', 5, 3, 101, 'Comfort Aisle', 1.40),
('5D', 5, 4, 101, 'Comfort Aisle', 1.40),
('5E', 5, 5, 101, 'Comfort Middle', 1.40),
('5F', 5, 6, 101, 'Comfort Window', 1.40),

('6A', 6, 1, 101, 'Ordinary Window', 1.00),
('6B', 6, 2, 101, 'Ordinary Middle', 1.00),
('6C', 6, 3, 101, 'Ordinary Aisle', 1.00),
('6D', 6, 4, 101, 'Ordinary Aisle', 1.00),
('6E', 6, 5, 101, 'Ordinary Middle', 1.00),
('6F', 6, 6, 101, 'Ordinary Window', 1.00),
('7A', 7, 1, 101, 'Ordinary Window', 1.00),
('7B', 7, 2, 101, 'Ordinary Middle', 1.00),
('7C', 7, 3, 101, 'Ordinary Aisle', 1.00),
('7D', 7, 4, 101, 'Ordinary Aisle', 1.00),
('7E', 7, 5, 101, 'Ordinary Middle', 1.00),
('7F', 7, 6, 101, 'Ordinary Window', 1.00),
('8A', 8, 1, 101, 'Ordinary Window', 1.00),
('8B', 8, 2, 101, 'Ordinary Middle', 1.00),
('8C', 8, 3, 101, 'Ordinary Aisle', 1.00),
('8D', 8, 4, 101, 'Ordinary Aisle', 1.00),
('8E', 8, 5, 101, 'Ordinary Middle', 1.00),
('8F', 8, 6, 101, 'Ordinary Window', 1.00),
('9A', 9, 1, 101, 'Ordinary Window', 1.00),
('9B', 9, 2, 101, 'Ordinary Middle', 1.00),
('9C', 9, 3, 101, 'Ordinary Aisle', 1.00),
('9D', 9, 4, 101, 'Ordinary Aisle', 1.00),
('9E', 9, 5, 101, 'Ordinary Middle', 1.00),
('9F', 9, 6, 101, 'Ordinary Window', 1.00),
('10A', 10, 1, 101, 'Ordinary Window', 1.00),
('10B', 10, 2, 101, 'Ordinary Middle', 1.00),
('10C', 10, 3, 101, 'Ordinary Aisle', 1.00),
('10D', 10, 4, 101, 'Ordinary Aisle', 1.00),
('10E', 10, 5, 101, 'Ordinary Middle', 1.00),
('10F', 10, 6, 101, 'Ordinary Window', 1.00),
('11A', 11, 1, 101, 'Ordinary Window', 1.00),
('11B', 11, 2, 101, 'Ordinary Middle', 1.00),
('11C', 11, 3, 101, 'Ordinary Aisle', 1.00),
('11D', 11, 4, 101, 'Ordinary Aisle', 1.00),
('11E', 11, 5, 101, 'Ordinary Middle', 1.00),
('11F', 11, 6, 101, 'Ordinary Window', 1.00),
('12A', 12, 1, 101, 'Ordinary Window', 1.00),
('12B', 12, 2, 101, 'Ordinary Middle', 1.00),
('12C', 12, 3, 101, 'Ordinary Aisle', 1.00),
('12D', 12, 4, 101, 'Ordinary Aisle', 1.00),
('12E', 12, 5, 101, 'Ordinary Middle', 1.00),
('12F', 12, 6, 101, 'Ordinary Window', 1.00),
('13A', 13, 1, 101, 'Ordinary Window', 1.00),
('13B', 13, 2, 101, 'Ordinary Middle', 1.00),
('13C', 13, 3, 101, 'Ordinary Aisle', 1.00),
('13D', 13, 4, 101, 'Ordinary Aisle', 1.00),
('13E', 13, 5, 101, 'Ordinary Middle', 1.00),
('13F', 13, 6, 101, 'Ordinary Window', 1.00);

INSERT INTO Seat (SeatN, rowN, colN, AirCraftID, TypeDescription, PriceMultiplier) 
VALUES
#102, 'Airbus A320', 'AC'
('1A', 1, 1, 102, 'Business-Class Window', 2.00),
('1B', 1, 2, 102, 'Business-Class Middle', 2.00),
('1C', 1, 3, 102, 'Business-Class Aisle', 2.00),
('1D', 1, 4, 102, 'Business-Class Aisle', 2.00),
('1E', 1, 5, 102, 'Business-Class Middle', 2.00),
('1F', 1, 6, 102, 'Business-Class Window', 2.00),
('2A', 2, 1, 102, 'Business-Class Window', 2.00),
('2B', 2, 2, 102, 'Business-Class Middle', 2.00),
('2C', 2, 3, 102, 'Business-Class Aisle', 2.00),
('2D', 2, 4, 102, 'Business-Class Aisle', 2.00),
('2E', 2, 5, 102, 'Business-Class Middle', 2.00),
('2F', 2, 6, 102, 'Business-Class Window', 2.00),
('3A', 3, 1, 102, 'Business-Class Window', 2.00),
('3B', 3, 2, 102, 'Business-Class Middle', 2.00),
('3C', 3, 3, 102, 'Business-Class Aisle', 2.00),
('3D', 3, 4, 102, 'Business-Class Aisle', 2.00),
('3E', 3, 5, 102, 'Business-Class Middle', 2.00),
('3F', 3, 6, 102, 'Business-Class Window', 2.00),

('4A', 4, 1, 102, 'Ordinary Window', 1.00),
('4B', 4, 2, 102, 'Ordinary Middle', 1.00),
('4C', 4, 3, 102, 'Ordinary Aisle', 1.00),
('4D', 4, 4, 102, 'Ordinary Aisle', 1.00),
('4E', 4, 5, 102, 'Ordinary Middle', 1.00),
('4F', 4, 6, 102, 'Ordinary Window', 1.00),
('5A', 5, 1, 102, 'Ordinary Window', 1.00),
('5B', 5, 2, 102, 'Ordinary Middle', 1.00),
('5C', 5, 3, 102, 'Ordinary Aisle', 1.00),
('5D', 5, 4, 102, 'Ordinary Aisle', 1.00),
('5E', 5, 5, 102, 'Ordinary Middle', 1.00),
('5F', 5, 6, 102, 'Ordinary Window', 1.00),
('6A', 6, 1, 102, 'Ordinary Window', 1.00),
('6B', 6, 2, 102, 'Ordinary Middle', 1.00),
('6C', 6, 3, 102, 'Ordinary Aisle', 1.00),
('6D', 6, 4, 102, 'Ordinary Aisle', 1.00),
('6E', 6, 5, 102, 'Ordinary Middle', 1.00),
('6F', 6, 6, 102, 'Ordinary Window', 1.00),
('7A', 7, 1, 102, 'Ordinary Window', 1.00),
('7B', 7, 2, 102, 'Ordinary Middle', 1.00),
('7C', 7, 3, 102, 'Ordinary Aisle', 1.00),
('7D', 7, 4, 102, 'Ordinary Aisle', 1.00),
('7E', 7, 5, 102, 'Ordinary Middle', 1.00),
('7F', 7, 6, 102, 'Ordinary Window', 1.00),
('8A', 8, 1, 102, 'Ordinary Window', 1.00),
('8B', 8, 2, 102, 'Ordinary Middle', 1.00),
('8C', 8, 3, 102, 'Ordinary Aisle', 1.00),
('8D', 8, 4, 102, 'Ordinary Aisle', 1.00),
('8E', 8, 5, 102, 'Ordinary Middle', 1.00),
('8F', 8, 6, 102, 'Ordinary Window', 1.00),
('9A', 9, 1, 102, 'Ordinary Window', 1.00),
('9B', 9, 2, 102, 'Ordinary Middle', 1.00),
('9C', 9, 3, 102, 'Ordinary Aisle', 1.00),
('9D', 9, 4, 102, 'Ordinary Aisle', 1.00),
('9E', 9, 5, 102, 'Ordinary Middle', 1.00),
('9F', 9, 6, 102, 'Ordinary Window', 1.00);

INSERT INTO Seat (SeatN, rowN, colN, AirCraftID, TypeDescription, PriceMultiplier) 
VALUES
# 103, 'Boeing 747', 'AC'
('1A', 1, 1, 103, 'Business-Class Window', 2.00),
('1B', 1, 2, 103, 'Business-Class Middle', 2.00),
('1C', 1, 3, 103, 'Business-Class Aisle', 2.00),
('1D', 1, 4, 103, 'Business-Class Aisle', 2.00),
('1E', 1, 5, 103, 'Business-Class Middle', 2.00),
('1F', 1, 6, 103, 'Business-Class Window', 2.00),
('2A', 2, 1, 103, 'Business-Class Window', 2.00),
('2B', 2, 2, 103, 'Business-Class Middle', 2.00),
('2C', 2, 3, 103, 'Business-Class Aisle', 2.00),
('2D', 2, 4, 103, 'Business-Class Aisle', 2.00),
('2E', 2, 5, 103, 'Business-Class Middle', 2.00),
('2F', 2, 6, 103, 'Business-Class Window', 2.00),
('3A', 3, 1, 103, 'Business-Class Window', 2.00),
('3B', 3, 2, 103, 'Business-Class Middle', 2.00),
('3C', 3, 3, 103, 'Business-Class Aisle', 2.00),
('3D', 3, 4, 103, 'Business-Class Aisle', 2.00),
('3E', 3, 5, 103, 'Business-Class Middle', 2.00),
('3F', 3, 6, 103, 'Business-Class Window', 2.00),

('4A', 4, 1, 103, 'Comfort Window', 1.40),
('4B', 4, 2, 103, 'Comfort Middle', 1.40),
('4C', 4, 3, 103, 'Comfort Aisle', 1.40),
('4D', 4, 4, 103, 'Comfort Aisle', 1.40),
('4E', 4, 5, 103, 'Comfort Middle', 1.40),
('4F', 4, 6, 103, 'Comfort Window', 1.40),
('5A', 5, 1, 103, 'Comfort Window', 1.40),
('5B', 5, 2, 103, 'Comfort Middle', 1.40),
('5C', 5, 3, 103, 'Comfort Aisle', 1.40),
('5D', 5, 4, 103, 'Comfort Aisle', 1.40),
('5E', 5, 5, 103, 'Comfort Middle', 1.40),
('5F', 5, 6, 103, 'Comfort Window', 1.40),

('6A', 6, 1, 103, 'Ordinary Window', 1.00),
('6B', 6, 2, 103, 'Ordinary Middle', 1.00),
('6C', 6, 3, 103, 'Ordinary Aisle', 1.00),
('6D', 6, 4, 103, 'Ordinary Aisle', 1.00),
('6E', 6, 5, 103, 'Ordinary Middle', 1.00),
('6F', 6, 6, 103, 'Ordinary Window', 1.00),
('7A', 7, 1, 103, 'Ordinary Window', 1.00),
('7B', 7, 2, 103, 'Ordinary Middle', 1.00),
('7C', 7, 3, 103, 'Ordinary Aisle', 1.00),
('7D', 7, 4, 103, 'Ordinary Aisle', 1.00),
('7E', 7, 5, 103, 'Ordinary Middle', 1.00),
('7F', 7, 6, 103, 'Ordinary Window', 1.00),
('8A', 8, 1, 103, 'Ordinary Window', 1.00),
('8B', 8, 2, 103, 'Ordinary Middle', 1.00),
('8C', 8, 3, 103, 'Ordinary Aisle', 1.00),
('8D', 8, 4, 103, 'Ordinary Aisle', 1.00),
('8E', 8, 5, 103, 'Ordinary Middle', 1.00),
('8F', 8, 6, 103, 'Ordinary Window', 1.00),
('9A', 9, 1, 103, 'Ordinary Window', 1.00),
('9B', 9, 2, 103, 'Ordinary Middle', 1.00),
('9C', 9, 3, 103, 'Ordinary Aisle', 1.00),
('9D', 9, 4, 103, 'Ordinary Aisle', 1.00),
('9E', 9, 5, 103, 'Ordinary Middle', 1.00),
('9F', 9, 6, 103, 'Ordinary Window', 1.00),
('10A', 10, 1, 103, 'Ordinary Window', 1.00),
('10B', 10, 2, 103, 'Ordinary Middle', 1.00),
('10C', 10, 3, 103, 'Ordinary Aisle', 1.00),
('10D', 10, 4, 103, 'Ordinary Aisle', 1.00),
('10E', 10, 5, 103, 'Ordinary Middle', 1.00),
('10F', 10, 6, 103, 'Ordinary Window', 1.00),
('11A', 11, 1, 103, 'Ordinary Window', 1.00),
('11B', 11, 2, 103, 'Ordinary Middle', 1.00),
('11C', 11, 3, 103, 'Ordinary Aisle', 1.00),
('11D', 11, 4, 103, 'Ordinary Aisle', 1.00),
('11E', 11, 5, 103, 'Ordinary Middle', 1.00),
('11F', 11, 6, 103, 'Ordinary Window', 1.00),
('12A', 12, 1, 103, 'Ordinary Window', 1.00),
('12B', 12, 2, 103, 'Ordinary Middle', 1.00),
('12C', 12, 3, 103, 'Ordinary Aisle', 1.00),
('12D', 12, 4, 103, 'Ordinary Aisle', 1.00),
('12E', 12, 5, 103, 'Ordinary Middle', 1.00),
('12F', 12, 6, 103, 'Ordinary Window', 1.00),
('13A', 13, 1, 103, 'Ordinary Window', 1.00),
('13B', 13, 2, 103, 'Ordinary Middle', 1.00),
('13C', 13, 3, 103, 'Ordinary Aisle', 1.00),
('13D', 13, 4, 103, 'Ordinary Aisle', 1.00),
('13E', 13, 5, 103, 'Ordinary Middle', 1.00),
('13F', 13, 6, 103, 'Ordinary Window', 1.00);

INSERT INTO Seat (SeatN, rowN, colN, AirCraftID, TypeDescription, PriceMultiplier) 
VALUES
#104, 'Airbus A380', 'AC'
('1A', 1, 1, 104, 'Business-Class Window', 2.00),
('1B', 1, 2, 104, 'Business-Class Middle', 2.00),
('1C', 1, 3, 104, 'Business-Class Aisle', 2.00),
('1D', 1, 4, 104, 'Business-Class Aisle', 2.00),
('1E', 1, 5, 104, 'Business-Class Middle', 2.00),
('1F', 1, 6, 104, 'Business-Class Window', 2.00),
('2A', 2, 1, 104, 'Business-Class Window', 2.00),
('2B', 2, 2, 104, 'Business-Class Middle', 2.00),
('2C', 2, 3, 104, 'Business-Class Aisle', 2.00),
('2D', 2, 4, 104, 'Business-Class Aisle', 2.00),
('2E', 2, 5, 104, 'Business-Class Middle', 2.00),
('2F', 2, 6, 104, 'Business-Class Window', 2.00),
('3A', 3, 1, 104, 'Business-Class Window', 2.00),
('3B', 3, 2, 104, 'Business-Class Middle', 2.00),
('3C', 3, 3, 104, 'Business-Class Aisle', 2.00),
('3D', 3, 4, 104, 'Business-Class Aisle', 2.00),
('3E', 3, 5, 104, 'Business-Class Middle', 2.00),
('3F', 3, 6, 104, 'Business-Class Window', 2.00),

('4A', 4, 1, 104, 'Ordinary Window', 1.00),
('4B', 4, 2, 104, 'Ordinary Middle', 1.00),
('4C', 4, 3, 104, 'Ordinary Aisle', 1.00),
('4D', 4, 4, 104, 'Ordinary Aisle', 1.00),
('4E', 4, 5, 104, 'Ordinary Middle', 1.00),
('4F', 4, 6, 104, 'Ordinary Window', 1.00),
('5A', 5, 1, 104, 'Ordinary Window', 1.00),
('5B', 5, 2, 104, 'Ordinary Middle', 1.00),
('5C', 5, 3, 104, 'Ordinary Aisle', 1.00),
('5D', 5, 4, 104, 'Ordinary Aisle', 1.00),
('5E', 5, 5, 104, 'Ordinary Middle', 1.00),
('5F', 5, 6, 104, 'Ordinary Window', 1.00),
('6A', 6, 1, 104, 'Ordinary Window', 1.00),
('6B', 6, 2, 104, 'Ordinary Middle', 1.00),
('6C', 6, 3, 104, 'Ordinary Aisle', 1.00),
('6D', 6, 4, 104, 'Ordinary Aisle', 1.00),
('6E', 6, 5, 104, 'Ordinary Middle', 1.00),
('6F', 6, 6, 104, 'Ordinary Window', 1.00),
('7A', 7, 1, 104, 'Ordinary Window', 1.00),
('7B', 7, 2, 104, 'Ordinary Middle', 1.00),
('7C', 7, 3, 104, 'Ordinary Aisle', 1.00),
('7D', 7, 4, 104, 'Ordinary Aisle', 1.00),
('7E', 7, 5, 104, 'Ordinary Middle', 1.00),
('7F', 7, 6, 104, 'Ordinary Window', 1.00),
('8A', 8, 1, 104, 'Ordinary Window', 1.00),
('8B', 8, 2, 104, 'Ordinary Middle', 1.00),
('8C', 8, 3, 104, 'Ordinary Aisle', 1.00),
('8D', 8, 4, 104, 'Ordinary Aisle', 1.00),
('8E', 8, 5, 104, 'Ordinary Middle', 1.00),
('8F', 8, 6, 104, 'Ordinary Window', 1.00),
('9A', 9, 1, 104, 'Ordinary Window', 1.00),
('9B', 9, 2, 104, 'Ordinary Middle', 1.00),
('9C', 9, 3, 104, 'Ordinary Aisle', 1.00),
('9D', 9, 4, 104, 'Ordinary Aisle', 1.00),
('9E', 9, 5, 104, 'Ordinary Middle', 1.00),
('9F', 9, 6, 104, 'Ordinary Window', 1.00);

INSERT INTO Seat (SeatN, rowN, colN, AirCraftID, TypeDescription, PriceMultiplier) 
VALUES
#105, 'Boeing 777', 'AC'
('1A', 1, 1, 105, 'Business-Class Window', 2.00),
('1B', 1, 2, 105, 'Business-Class Middle', 2.00),
('1C', 1, 3, 105, 'Business-Class Aisle', 2.00),
('1D', 1, 4, 105, 'Business-Class Aisle', 2.00),
('1E', 1, 5, 105, 'Business-Class Middle', 2.00),
('1F', 1, 6, 105, 'Business-Class Middle', 2.00),
('1G', 1, 7, 105, 'Business-Class Aisle', 2.00),
('1H', 1, 8, 105, 'Business-Class Middle', 2.00),
('1I', 1, 9, 105, 'Business-Class Window', 2.00),
('2A', 2, 1, 105, 'Business-Class Window', 2.00),
('2B', 2, 2, 105, 'Business-Class Middle', 2.00),
('2C', 2, 3, 105, 'Business-Class Aisle', 2.00),
('2D', 2, 4, 105, 'Business-Class Aisle', 2.00),
('2E', 2, 5, 105, 'Business-Class Middle', 2.00),
('2F', 2, 6, 105, 'Business-Class Middle', 2.00),
('2G', 2, 7, 105, 'Business-Class Aisle', 2.00),
('2H', 2, 8, 105, 'Business-Class Middle', 2.00),
('2I', 2, 9, 105, 'Business-Class Window', 2.00),
('3A', 3, 1, 105, 'Business-Class Window', 2.00),
('3B', 3, 2, 105, 'Business-Class Middle', 2.00),
('3C', 3, 3, 105, 'Business-Class Aisle', 2.00),
('3D', 3, 4, 105, 'Business-Class Aisle', 2.00),
('3E', 3, 5, 105, 'Business-Class Middle', 2.00),
('3F', 3, 6, 105, 'Business-Class Middle', 2.00),
('3G', 3, 7, 105, 'Business-Class Aisle', 2.00),
('3H', 3, 8, 105, 'Business-Class Middle', 2.00),
('3I', 3, 9, 105, 'Business-Class Window', 2.00),
('4A', 4, 1, 105, 'Business-Class Window', 2.00),
('4B', 4, 2, 105, 'Business-Class Middle', 2.00),
('4C', 4, 3, 105, 'Business-Class Aisle', 2.00),
('4D', 4, 4, 105, 'Business-Class Aisle', 2.00),
('4E', 4, 5, 105, 'Business-Class Middle', 2.00),
('4F', 4, 6, 105, 'Business-Class Middle', 2.00),
('4G', 4, 7, 105, 'Business-Class Aisle', 2.00),
('4H', 4, 8, 105, 'Business-Class Middle', 2.00),
('4I', 4, 9, 105, 'Business-Class Window', 2.00),
('5A', 5, 1, 105, 'Business-Class Window', 2.00),
('5B', 5, 2, 105, 'Business-Class Middle', 2.00),
('5C', 5, 3, 105, 'Business-Class Aisle', 2.00),
('5D', 5, 4, 105, 'Business-Class Aisle', 2.00),
('5E', 5, 5, 105, 'Business-Class Middle', 2.00),
('5F', 5, 6, 105, 'Business-Class Middle', 2.00),
('5G', 5, 7, 105, 'Business-Class Aisle', 2.00),
('5H', 5, 8, 105, 'Business-Class Middle', 2.00),
('5I', 5, 9, 105, 'Business-Class Window', 2.00),

('6A', 6, 1, 105, 'Comfort Window', 1.40),
('6B', 6, 2, 105, 'Comfort Middle', 1.40),
('6C', 6, 3, 105, 'Comfort Aisle', 1.40),
('6D', 6, 4, 105, 'Comfort Aisle', 1.40),
('6E', 6, 5, 105, 'Comfort Middle', 1.40),
('6F', 6, 6, 105, 'Comfort Middle', 1.40),
('6G', 6, 7, 105, 'Comfort Aisle', 1.40),
('6H', 6, 8, 105, 'Comfort Middle', 1.40),
('6I', 6, 9, 105, 'Comfort Window', 1.40),
('7A', 7, 1, 105, 'Comfort Window', 1.40),
('7B', 7, 2, 105, 'Comfort Middle', 1.40),
('7C', 7, 3, 105, 'Comfort Aisle', 1.40),
('7D', 7, 4, 105, 'Comfort Aisle', 1.40),
('7E', 7, 5, 105, 'Comfort Middle', 1.40),
('7F', 7, 6, 105, 'Comfort Middle', 1.40),
('7G', 7, 7, 105, 'Comfort Aisle', 1.40),
('7H', 7, 8, 105, 'Comfort Middle', 1.40),
('7I', 7, 9, 105, 'Comfort Window', 1.40),
('8A', 8, 1, 105, 'Comfort Window', 1.40),
('8B', 8, 2, 105, 'Comfort Middle', 1.40),
('8C', 8, 3, 105, 'Comfort Aisle', 1.40),
('8D', 8, 4, 105, 'Comfort Aisle', 1.40),
('8E', 8, 5, 105, 'Comfort Middle', 1.40),
('8F', 8, 6, 105, 'Comfort Middle', 1.40),
('8G', 8, 7, 105, 'Comfort Aisle', 1.40),
('8H', 8, 8, 105, 'Comfort Middle', 1.40),
('8I', 8, 9, 105, 'Comfort Window', 1.40),
('9A', 9, 1, 105, 'Comfort Window', 1.40),
('9B', 9, 2, 105, 'Comfort Middle', 1.40),
('9C', 9, 3, 105, 'Comfort Aisle', 1.40),
('9D', 9, 4, 105, 'Comfort Aisle', 1.40),
('9E', 9, 5, 105, 'Comfort Middle', 1.40),
('9F', 9, 6, 105, 'Comfort Middle', 1.40),
('9G', 9, 7, 105, 'Comfort Aisle', 1.40),
('9H', 9, 8, 105, 'Comfort Middle', 1.40),
('9I', 9, 9, 105, 'Comfort Window', 1.40),
('10A', 10, 1, 105, 'Comfort Window', 1.40),
('10B', 10, 2, 105, 'Comfort Middle', 1.40),
('10C', 10, 3, 105, 'Comfort Aisle', 1.40),
('10D', 10, 4, 105, 'Comfort Aisle', 1.40),
('10E', 10, 5, 105, 'Comfort Middle', 1.40),
('10F', 10, 6, 105, 'Comfort Middle', 1.40),
('10G', 10, 7, 105, 'Comfort Aisle', 1.40),
('10H', 10, 8, 105, 'Comfort Middle', 1.40),
('10I', 10, 9, 105, 'Comfort Window', 1.40),

('11A', 11, 1, 105, 'Ordinary Window', 1.00),
('11B', 11, 2, 105, 'Ordinary Middle', 1.00),
('11C', 11, 3, 105, 'Ordinary Aisle', 1.00),
('11D', 11, 4, 105, 'Ordinary Aisle', 1.00),
('11E', 11, 5, 105, 'Ordinary Middle', 1.00),
('11F', 11, 6, 105, 'Ordinary Middle', 1.00),
('11G', 11, 7, 105, 'Ordinary Aisle', 1.00),
('11H', 11, 8, 105, 'Ordinary Middle', 1.00),
('11I', 11, 9, 105, 'Ordinary Window', 1.00),
('12A', 12, 1, 105, 'Ordinary Window', 1.00),
('12B', 12, 2, 105, 'Ordinary Middle', 1.00),
('12C', 12, 3, 105, 'Ordinary Aisle', 1.00),
('12D', 12, 4, 105, 'Ordinary Aisle', 1.00),
('12E', 12, 5, 105, 'Ordinary Middle', 1.00),
('12F', 12, 6, 105, 'Ordinary Middle', 1.00),
('12G', 12, 7, 105, 'Ordinary Aisle', 1.00),
('12H', 12, 8, 105, 'Ordinary Middle', 1.00),
('12I', 12, 9, 105, 'Ordinary Window', 1.00),
('13A', 13, 1, 105, 'Ordinary Window', 1.00),
('13B', 13, 2, 105, 'Ordinary Middle', 1.00),
('13C', 13, 3, 105, 'Ordinary Aisle', 1.00),
('13D', 13, 4, 105, 'Ordinary Aisle', 1.00),
('13E', 13, 5, 105, 'Ordinary Middle', 1.00),
('13F', 13, 6, 105, 'Ordinary Middle', 1.00),
('13G', 13, 7, 105, 'Ordinary Aisle', 1.00),
('13H', 13, 8, 105, 'Ordinary Middle', 1.00),
('13I', 13, 9, 105, 'Ordinary Window', 1.00),
('14A', 14, 1, 105, 'Ordinary Window', 1.00),
('14B', 14, 2, 105, 'Ordinary Middle', 1.00),
('14C', 14, 3, 105, 'Ordinary Aisle', 1.00),
('14D', 14, 4, 105, 'Ordinary Aisle', 1.00),
('14E', 14, 5, 105, 'Ordinary Middle', 1.00),
('14F', 14, 6, 105, 'Ordinary Middle', 1.00),
('14G', 14, 7, 105, 'Ordinary Aisle', 1.00),
('14H', 14, 8, 105, 'Ordinary Middle', 1.00),
('14I', 14, 9, 105, 'Ordinary Window', 1.00),
('15A', 15, 1, 105, 'Ordinary Window', 1.00),
('15B', 15, 2, 105, 'Ordinary Middle', 1.00),
('15C', 15, 3, 105, 'Ordinary Aisle', 1.00),
('15D', 15, 4, 105, 'Ordinary Aisle', 1.00),
('15E', 15, 5, 105, 'Ordinary Middle', 1.00),
('15F', 15, 6, 105, 'Ordinary Middle', 1.00),
('15G', 15, 7, 105, 'Ordinary Aisle', 1.00),
('15H', 15, 8, 105, 'Ordinary Middle', 1.00),
('15I', 15, 9, 105, 'Ordinary Window', 1.00),
('16A', 16, 1, 105, 'Ordinary Window', 1.00),
('16B', 16, 2, 105, 'Ordinary Middle', 1.00),
('16C', 16, 3, 105, 'Ordinary Aisle', 1.00),
('16D', 16, 4, 105, 'Ordinary Aisle', 1.00),
('16E', 16, 5, 105, 'Ordinary Middle', 1.00),
('16F', 16, 6, 105, 'Ordinary Middle', 1.00),
('16G', 16, 7, 105, 'Ordinary Aisle', 1.00),
('16H', 16, 8, 105, 'Ordinary Middle', 1.00),
('16I', 16, 9, 105, 'Ordinary Window', 1.00),
('17A', 17, 1, 105, 'Ordinary Window', 1.00),
('17B', 17, 2, 105, 'Ordinary Middle', 1.00),
('17C', 17, 3, 105, 'Ordinary Aisle', 1.00),
('17D', 17, 4, 105, 'Ordinary Aisle', 1.00),
('17E', 17, 5, 105, 'Ordinary Middle', 1.00),
('17F', 17, 6, 105, 'Ordinary Middle', 1.00),
('17G', 17, 7, 105, 'Ordinary Aisle', 1.00),
('17H', 17, 8, 105, 'Ordinary Middle', 1.00),
('17I', 17, 9, 105, 'Ordinary Window', 1.00),
('18A', 18, 1, 105, 'Ordinary Window', 1.00),
('18B', 18, 2, 105, 'Ordinary Middle', 1.00),
('18C', 18, 3, 105, 'Ordinary Aisle', 1.00),
('18D', 18, 4, 105, 'Ordinary Aisle', 1.00),
('18E', 18, 5, 105, 'Ordinary Middle', 1.00),
('18F', 18, 6, 105, 'Ordinary Middle', 1.00),
('18G', 18, 7, 105, 'Ordinary Aisle', 1.00),
('18H', 18, 8, 105, 'Ordinary Middle', 1.00),
('18I', 18, 9, 105, 'Ordinary Window', 1.00),
('19A', 19, 1, 105, 'Ordinary Window', 1.00),
('19B', 19, 2, 105, 'Ordinary Middle', 1.00),
('19C', 19, 3, 105, 'Ordinary Aisle', 1.00),
('19D', 19, 4, 105, 'Ordinary Aisle', 1.00),
('19E', 19, 5, 105, 'Ordinary Middle', 1.00),
('19F', 19, 6, 105, 'Ordinary Middle', 1.00),
('19G', 19, 7, 105, 'Ordinary Aisle', 1.00),
('19H', 19, 8, 105, 'Ordinary Middle', 1.00),
('19I', 19, 9, 105, 'Ordinary Window', 1.00),
('20A', 20, 1, 105, 'Ordinary Window', 1.00),
('20B', 20, 2, 105, 'Ordinary Middle', 1.00),
('20C', 20, 3, 105, 'Ordinary Aisle', 1.00),
('20D', 20, 4, 105, 'Ordinary Aisle', 1.00),
('20E', 20, 5, 105, 'Ordinary Middle', 1.00),
('20F', 20, 6, 105, 'Ordinary Middle', 1.00),
('20G', 20, 7, 105, 'Ordinary Aisle', 1.00),
('20H', 20, 8, 105, 'Ordinary Middle', 1.00),
('20I', 20, 9, 105, 'Ordinary Window', 1.00);

INSERT INTO Ticket (PassengerID, FlightID, SeatN) 
VALUES
(10001, 10001, '1A'),
(10002, 10001, '2A'),
(10003, 10002, '1A'),
(10004, 10003, '5A'),
(10005, 10004, '2A'),
(10006, 10005, '6A'),
(10007, 10003, '13A'),
(10008, 10001, '13B'),
(10009, 10002, '4B'),
(10010, 10005, '12A'),
(10011, 10001, '3A'),
(10012, 10002, '2B'),
(10013, 10003, '3C'),
(10014, 10004, '4D'),
(10015, 10005, '5E'),
(10016, 10001, '6F'),
(10017, 10002, '7G'),
(10018, 10003, '8H'),
(10019, 10004, '9I'),
(10020, 10005, '10A'),
(10021, 10001, '11B'),
(10022, 10002, '12C'),
(10023, 10003, '13D'),
(10024, 10004, '14E'),
(10025, 10005, '15F');

INSERT INTO InsuranceTiers (TierID, TierName, CoverageAmount) 
VALUES
(0, 'None', NULL),
(1, 'Basic', 25.00),
(2, 'Standard', 50.00),
(3, 'Premium', 75.00);


INSERT INTO Crew (FlightID, UserID) 
VALUES
(10001, 'crew1'),
(10002, 'crew1'),
(10003, 'crew1'),
(10002, 'crew2'),
(10003, 'crew3'),
(10004, 'crew4'),
(10005, 'crew5');


INSERT INTO Receipt (CardType, CardNumber, PaymentDate, Pin, Expiry, PostalCode, TicketID, Amount)
VALUES
('Credit Card', '1234567812345678', '2023-01-15', '123', '0923', 'A1B2C3', 10001, 599.98),    #Business Class Price for Flight 1001
('Credit Card', '2345678923456789', '2023-01-16', '234', '1024', 'B2C3D4', 10002, 699.98),    #Business Class Price for Flight 1001
('Credit Card', '3456789034567890', '2023-01-17', '345', '1125', 'C3D4E5', 10003, 489.98),    #Business Class Price for Flight 1002
('Credit Card', '4567890145678901', '2023-01-18', '456', '1226', 'D4E5F6', 10004, 1259.86),   #Comfort Price for Flight 1003
('Credit Card', '5678901256789012', '2023-01-19', '567', '0127', 'E5F6G7', 10005, 293.98),    #Ordinary Price for Flight 1004
('Credit Card', '6789012345678901', '2023-02-03', '678', '0228', 'F6G7H8', 10006, 599.98),
('Credit Card', '7890123456789012', '2023-02-07', '789', '0329', 'G7H8I9', 10007, 699.98),
('Credit Card', '8901234567890123', '2023-02-12', '891', '0430', 'H8I9J0', 10008, 489.98),
('Credit Card', '9012345678901234', '2023-02-16', '902', '0531', 'I9J0K1', 10009, 1259.86),
('Credit Card', '0123456789012345', '2023-02-20', '013', '0617', 'J0K1L2', 10010, 293.98),
('Credit Card', '1234567890123456', '2023-02-24', '124', '0724', 'K1L2M3', 10011, 599.98),
('Credit Card', '2345678901234567', '2023-02-28', '235', '0825', 'L2M3N4', 10012, 699.98),
('Credit Card', '3456789012345678', '2023-03-05', '346', '0926', 'M3N4O5', 10013, 489.98),
('Credit Card', '4567890123456789', '2023-03-11', '457', '1027', 'N4O5P6', 10014, 1259.86),
('Credit Card', '5678901234567890', '2023-03-17', '568', '1128', 'O5P6Q7', 10015, 293.98),
('Credit Card', '6789012345678901', '2023-03-22', '679', '1229', 'P6Q7R8', 10016, 599.98),
('Credit Card', '7890123456789012', '2023-03-27', '780', '0130', 'Q7R8S9', 10017, 699.98),
('Credit Card', '8901234567890123', '2023-04-02', '891', '0231', 'R8S9T0', 10018, 489.98),
('Credit Card', '9012345678901234', '2023-04-08', '902', '0332', 'S9T0U1', 10019, 1259.86),
('Credit Card', '0123456789012345', '2023-04-13', '013', '0433', 'T0U1V2', 10020, 293.98);

INSERT INTO Promotion (Description, DiscountPercentage) 
VALUES
('Summer Special Discount', 15.00),
('Student Discount', 70.00),
('Frequent Flyer Discount', 20.00),
('Weekend Getaway Deal', 12.50);
